Field,Filled,Completeness (%)
title,31,100.0
author,30,96.7741935483871
year,30,96.7741935483871
doi,27,87.09677419354838
